,player,team,games,recTarg,ADP,age,olRank,trgt%
1,Christian McCaffrey,CAR,7,40,2.0,26.0,24.0,16.8944099378882
8,D'Andre Swift,DET,13,76,15.5,23.0,3.0,17.9394612607609
11,Saquon Barkley,NYG,13,57,20.3,25.0,18.0,13.286713286713287
13,Javonte Williams,DEN,17,51,22.8,22.0,16.0,9.883720930232558
