,player,team,games,recTarg,ADP,age,olRank,trgt%
0,Christian McCaffrey,CAR,7,40,2.0,26.0,24.0,16.8944099378882
1,Alvin Kamara,NO,13,65,10.0,27.0,21.0,17.93248945147679
2,D'Andre Swift,DET,13,76,15.0,23.0,3.0,17.9394612607609
3,Javonte Williams,DEN,17,51,23.0,22.0,16.0,9.883720930232558
4,Saquon Barkley,NYG,13,57,26.0,25.0,18.0,13.286713286713287
